traffic_sign_id_short;traffic_sign_id_long;description;division;image_url;law_url
A1;A01;Maximumsnelheid;Snelheid;http://wetten.overheid.nl/afbeelding?toestandid=BWBR0004825/2017-07-01_0&naam=27593.png;http://wetten.overheid.nl/jci1.3:c:BWBR0004825&bijlage=1&z=2017-07-01&g=2017-07-01
A2;A02;Einde maximumsnelheid;Snelheid;http://wetten.overheid.nl/afbeelding?toestandid=BWBR0004825/2017-07-01_0&naam=27594.png;http://wetten.overheid.nl/jci1.3:c:BWBR0004825&bijlage=1&z=2017-07-01&g=2017-07-01
A3;A03;Maximumsnelheid op een electronisch signaleringsbord;Snelheid;http://wetten.overheid.nl/afbeelding?toestandid=BWBR0004825/2017-07-01_0&naam=27596.png;http://wetten.overheid.nl/jci1.3:c:BWBR0004825&bijlage=1&z=2017-07-01&g=2017-07-01
A4;A04;Adviessnelheid;Snelheid;http://wetten.overheid.nl/afbeelding?toestandid=BWBR0004825/2017-07-01_0&naam=27597.png;http://wetten.overheid.nl/jci1.3:c:BWBR0004825&bijlage=1&z=2017-07-01&g=2017-07-01
A5;A05;Einde adviessnelheid;Snelheid;http://wetten.overheid.nl/afbeelding?toestandid=BWBR0004825/2017-07-01_0&naam=27598.png;http://wetten.overheid.nl/jci1.3:c:BWBR0004825&bijlage=1&z=2017-07-01&g=2017-07-01
B1;B01;Voorrangsweg;Voorrang;http://wetten.overheid.nl/afbeelding?toestandid=BWBR0004825/2017-07-01_0&naam=27599.png;http://wetten.overheid.nl/jci1.3:c:BWBR0004825&bijlage=1&z=2017-07-01&g=2017-07-01
B2;B02;Einde voorrangsweg;Voorrang;http://wetten.overheid.nl/afbeelding?toestandid=BWBR0004825/2017-07-01_0&naam=27600.png;http://wetten.overheid.nl/jci1.3:c:BWBR0004825&bijlage=1&z=2017-07-01&g=2017-07-01
B3;B03;Voorrangskruispunt;Voorrang;http://wetten.overheid.nl/afbeelding?toestandid=BWBR0004825/2017-07-01_0&naam=27601.png;http://wetten.overheid.nl/jci1.3:c:BWBR0004825&bijlage=1&z=2017-07-01&g=2017-07-01
B4;B04;Voorrangskruispunt Zijweg links;Voorrang;http://wetten.overheid.nl/afbeelding?toestandid=BWBR0004825/2017-07-01_0&naam=27602.png;http://wetten.overheid.nl/jci1.3:c:BWBR0004825&bijlage=1&z=2017-07-01&g=2017-07-01
B5;B05;Voorrangskruispunt Zijweg rechts;Voorrang;http://wetten.overheid.nl/afbeelding?toestandid=BWBR0004825/2017-07-01_0&naam=27603.png;http://wetten.overheid.nl/jci1.3:c:BWBR0004825&bijlage=1&z=2017-07-01&g=2017-07-01
B6;B06;Verleen voorrang aan bestuurders op de kruisende weg;Voorrang;http://wetten.overheid.nl/afbeelding?toestandid=BWBR0004825/2017-07-01_0&naam=27604.png;http://wetten.overheid.nl/jci1.3:c:BWBR0004825&bijlage=1&z=2017-07-01&g=2017-07-01
B7;B07;"Stop; verleen voorrang aan bestuurders op de kruisende weg";Voorrang;http://wetten.overheid.nl/afbeelding?toestandid=BWBR0004825/2017-07-01_0&naam=27605.png;http://wetten.overheid.nl/jci1.3:c:BWBR0004825&bijlage=1&z=2017-07-01&g=2017-07-01
C1;C01;Gesloten in beide richtingen voor voertuigen, ruiters en geleiders van rij- of trekdieren of vee;Geslotenverklaring;http://wetten.overheid.nl/afbeelding?toestandid=BWBR0004825/2017-07-01_0&naam=27606.png;http://wetten.overheid.nl/jci1.3:c:BWBR0004825&bijlage=1&z=2017-07-01&g=2017-07-01
C2;C02;Eenrichtingsweg, in deze richting gesloten voor voertuigen, ruiters en geleiders van rij- of trekdieren of vee;Geslotenverklaring;http://wetten.overheid.nl/afbeelding?toestandid=BWBR0004825/2017-07-01_0&naam=27607.png;http://wetten.overheid.nl/jci1.3:c:BWBR0004825&bijlage=1&z=2017-07-01&g=2017-07-01
C3;C03;Eenrichtingsweg;Geslotenverklaring;http://wetten.overheid.nl/afbeelding?toestandid=BWBR0004825/2017-07-01_0&naam=27608.png;http://wetten.overheid.nl/jci1.3:c:BWBR0004825&bijlage=1&z=2017-07-01&g=2017-07-01
C4;C04;Eenrichtingsweg;Geslotenverklaring;http://wetten.overheid.nl/afbeelding?toestandid=BWBR0004825/2017-07-01_0&naam=27609.png;http://wetten.overheid.nl/jci1.3:c:BWBR0004825&bijlage=1&z=2017-07-01&g=2017-07-01
C5;C05;Inrijden toegestaan;Geslotenverklaring;http://wetten.overheid.nl/afbeelding?toestandid=BWBR0004825/2017-07-01_0&naam=27610.png;http://wetten.overheid.nl/jci1.3:c:BWBR0004825&bijlage=1&z=2017-07-01&g=2017-07-01
C6;C06;Gesloten voor motorvoertuigen op meer dan twee wielen;Geslotenverklaring;http://wetten.overheid.nl/afbeelding?toestandid=BWBR0004825/2017-07-01_0&naam=27611.png;http://wetten.overheid.nl/jci1.3:c:BWBR0004825&bijlage=1&z=2017-07-01&g=2017-07-01
C7;C07;Gesloten voor vrachtauto's;Geslotenverklaring;http://wetten.overheid.nl/afbeelding?toestandid=BWBR0004825/2017-07-01_0&naam=27612.png;http://wetten.overheid.nl/jci1.3:c:BWBR0004825&bijlage=1&z=2017-07-01&g=2017-07-01
C7a;C7a;Gesloten voor autobussen;Geslotenverklaring;http://wetten.overheid.nl/afbeelding?toestandid=BWBR0004825/2017-07-01_0&naam=246891.png;http://wetten.overheid.nl/jci1.3:c:BWBR0004825&bijlage=1&z=2017-07-01&g=2017-07-01
C7b;C7b;Gesloten voor autobussen en vrachtauto’s;Geslotenverklaring;http://wetten.overheid.nl/afbeelding?toestandid=BWBR0004825/2017-07-01_0&naam=246892.png;http://wetten.overheid.nl/jci1.3:c:BWBR0004825&bijlage=1&z=2017-07-01&g=2017-07-01
C8;C08;Gesloten voor motorvoertuigen die niet sneller kunnen of mogen rijden dan 25 km/h;Geslotenverklaring;http://wetten.overheid.nl/afbeelding?toestandid=BWBR0004825/2017-07-01_0&naam=27613.png;http://wetten.overheid.nl/jci1.3:c:BWBR0004825&bijlage=1&z=2017-07-01&g=2017-07-01
C9;C09;Gesloten voor ruiters, vee, wagens, motorvoertuigen die niet sneller kunnen of mogen rijden dan 25 km/h en brommobielen alsmede fietsen, bromfietsen en gehandicaptenvoertuigen;Geslotenverklaring;http://wetten.overheid.nl/afbeelding?toestandid=BWBR0004825/2017-07-01_0&naam=27614.png;http://wetten.overheid.nl/jci1.3:c:BWBR0004825&bijlage=1&z=2017-07-01&g=2017-07-01
C10;C10;Gesloten voor motorvoertuigen met aanhangwagen;Geslotenverklaring;http://wetten.overheid.nl/afbeelding?toestandid=BWBR0004825/2017-07-01_0&naam=27615.png;http://wetten.overheid.nl/jci1.3:c:BWBR0004825&bijlage=1&z=2017-07-01&g=2017-07-01
C11;C11;Gesloten voor motorfietsen;Geslotenverklaring;http://wetten.overheid.nl/afbeelding?toestandid=BWBR0004825/2017-07-01_0&naam=27616.png;http://wetten.overheid.nl/jci1.3:c:BWBR0004825&bijlage=1&z=2017-07-01&g=2017-07-01
C12;C12;Gesloten voor alle motorvoertuigen;Geslotenverklaring;http://wetten.overheid.nl/afbeelding?toestandid=BWBR0004825/2017-07-01_0&naam=27617.png;http://wetten.overheid.nl/jci1.3:c:BWBR0004825&bijlage=1&z=2017-07-01&g=2017-07-01
C13;C13;Gesloten voor bromfietsen, snorfietsen en gehandicaptenvoertuigen, met in werking zijnde motor;Geslotenverklaring;http://wetten.overheid.nl/afbeelding?toestandid=BWBR0004825/2017-07-01_0&naam=27618.png;http://wetten.overheid.nl/jci1.3:c:BWBR0004825&bijlage=1&z=2017-07-01&g=2017-07-01
C14;C14;Gesloten voor fietsen en voor gehandicaptenvoertuigen zonder motor;Geslotenverklaring;http://wetten.overheid.nl/afbeelding?toestandid=BWBR0004825/2017-07-01_0&naam=27619.png;http://wetten.overheid.nl/jci1.3:c:BWBR0004825&bijlage=1&z=2017-07-01&g=2017-07-01
C15;C15;Gesloten voor fietsen, bromfietsen en gehandicaptenvoertuigen;Geslotenverklaring;http://wetten.overheid.nl/afbeelding?toestandid=BWBR0004825/2017-07-01_0&naam=27620.png;http://wetten.overheid.nl/jci1.3:c:BWBR0004825&bijlage=1&z=2017-07-01&g=2017-07-01
C16;C16;Gesloten voor voetgangers;Geslotenverklaring;http://wetten.overheid.nl/afbeelding?toestandid=BWBR0004825/2017-07-01_0&naam=27621.png;http://wetten.overheid.nl/jci1.3:c:BWBR0004825&bijlage=1&z=2017-07-01&g=2017-07-01
C17;C17;Gesloten voor voertuigen en samenstellen van voertuigen die, met inbegrip van de lading, langer zijn dan op het bord is aangegeven;Geslotenverklaring;http://wetten.overheid.nl/afbeelding?toestandid=BWBR0004825/2017-07-01_0&naam=27622.png;http://wetten.overheid.nl/jci1.3:c:BWBR0004825&bijlage=1&z=2017-07-01&g=2017-07-01
C18;C18;Gesloten voor voertuigen die, met inbegrip van de lading, breder zijn dan op het bord is aangegeven;Geslotenverklaring;http://wetten.overheid.nl/afbeelding?toestandid=BWBR0004825/2017-07-01_0&naam=27623.png;http://wetten.overheid.nl/jci1.3:c:BWBR0004825&bijlage=1&z=2017-07-01&g=2017-07-01
C19;C19;Gesloten voor voertuigen die, met inbegrip van de lading, hoger zijn dan op het bord is aangegeven;Geslotenverklaring;http://wetten.overheid.nl/afbeelding?toestandid=BWBR0004825/2017-07-01_0&naam=27624.png;http://wetten.overheid.nl/jci1.3:c:BWBR0004825&bijlage=1&z=2017-07-01&g=2017-07-01
C20;C20;Gesloten voor voertuigen waarvan de aslast hoger is dan op het bord is aangegeven;Geslotenverklaring;http://wetten.overheid.nl/afbeelding?toestandid=BWBR0004825/2017-07-01_0&naam=27625.png;http://wetten.overheid.nl/jci1.3:c:BWBR0004825&bijlage=1&z=2017-07-01&g=2017-07-01
C21;C21;Gesloten voor voertuigen en samenstellen van voertuigen, waarvan de totaalmassa hoger is dan op het bord is aangegeven;Geslotenverklaring;http://wetten.overheid.nl/afbeelding?toestandid=BWBR0004825/2017-07-01_0&naam=27626.png;http://wetten.overheid.nl/jci1.3:c:BWBR0004825&bijlage=1&z=2017-07-01&g=2017-07-01
C22;C22;Gesloten voor voertuigen met bepaalde gevaarlijke stoffen;Geslotenverklaring;http://wetten.overheid.nl/afbeelding?toestandid=BWBR0004825/2017-07-01_0&naam=27627.png;http://wetten.overheid.nl/jci1.3:c:BWBR0004825&bijlage=1&z=2017-07-01&g=2017-07-01
C22a;C22a;Gesloten voor vrachtauto’s die niet voldoen aan de eisen, genoemd in;Geslotenverklaring;http://wetten.overheid.nl/afbeelding?toestandid=BWBR0004825/2017-07-01_0&naam=244282.png;http://wetten.overheid.nl/jci1.3:c:BWBR0004825&bijlage=1&z=2017-07-01&g=2017-07-01
C22b;C22b;Einde geslotenverklaring voor vrachtauto’s die niet voldoen aan de eisen, genoemd in;Geslotenverklaring;http://wetten.overheid.nl/afbeelding?toestandid=BWBR0004825/2017-07-01_0&naam=244283.png;http://wetten.overheid.nl/jci1.3:c:BWBR0004825&bijlage=1&z=2017-07-01&g=2017-07-01
C23-01;C23-01;Spitsstrook open;Geslotenverklaring;http://wetten.overheid.nl/afbeelding?toestandid=BWBR0004825/2017-07-01_0&naam=53250.png;http://wetten.overheid.nl/jci1.3:c:BWBR0004825&bijlage=1&z=2017-07-01&g=2017-07-01
C23-02;C23-02;Spitsstrook vrijmaken;Geslotenverklaring;http://wetten.overheid.nl/afbeelding?toestandid=BWBR0004825/2017-07-01_0&naam=53251.png;http://wetten.overheid.nl/jci1.3:c:BWBR0004825&bijlage=1&z=2017-07-01&g=2017-07-01
C23-03;C23-03;Einde spitsstrook;Geslotenverklaring;http://wetten.overheid.nl/afbeelding?toestandid=BWBR0004825/2017-07-01_0&naam=53252.png;http://wetten.overheid.nl/jci1.3:c:BWBR0004825&bijlage=1&z=2017-07-01&g=2017-07-01
D1;D01;"Rotonde; verplichte rijrichting";Rijrichting;http://wetten.overheid.nl/afbeelding?toestandid=BWBR0004825/2017-07-01_0&naam=27628.png;http://wetten.overheid.nl/jci1.3:c:BWBR0004825&bijlage=1&z=2017-07-01&g=2017-07-01
D2;D02;Gebod voor alle bestuurders het bord voorbij te gaan aan de zijde die de pijl aangeeft;Rijrichting;http://wetten.overheid.nl/afbeelding?toestandid=BWBR0004825/2017-07-01_0&naam=27629.png;http://wetten.overheid.nl/jci1.3:c:BWBR0004825&bijlage=1&z=2017-07-01&g=2017-07-01
D3;D03;Bord mag aan beide zijden worden voorbijgegaan;Rijrichting;http://wetten.overheid.nl/afbeelding?toestandid=BWBR0004825/2017-07-01_0&naam=27630.png;http://wetten.overheid.nl/jci1.3:c:BWBR0004825&bijlage=1&z=2017-07-01&g=2017-07-01
D4;D04;Gebod tot het volgen van de rijrichting die op het bord is aangegeven;Rijrichting;http://wetten.overheid.nl/afbeelding?toestandid=BWBR0004825/2017-07-01_0&naam=27631.png;http://wetten.overheid.nl/jci1.3:c:BWBR0004825&bijlage=1&z=2017-07-01&g=2017-07-01
D5;D05;Gebod tot het volgen van de rijrichting die op het bord is aangegeven;Rijrichting;http://wetten.overheid.nl/afbeelding?toestandid=BWBR0004825/2017-07-01_0&naam=27632.png;http://wetten.overheid.nl/jci1.3:c:BWBR0004825&bijlage=1&z=2017-07-01&g=2017-07-01
D6;D06;Gebod tot het volgen van één van de rijrichtingen die op het bord zijn aangegeven;Rijrichting;http://wetten.overheid.nl/afbeelding?toestandid=BWBR0004825/2017-07-01_0&naam=27633.png;http://wetten.overheid.nl/jci1.3:c:BWBR0004825&bijlage=1&z=2017-07-01&g=2017-07-01
D7;D07;Gebod tot het volgen van één van de rijrichtingen die op het bord zijn aangegeven;Rijrichting;http://wetten.overheid.nl/afbeelding?toestandid=BWBR0004825/2017-07-01_0&naam=27634.png;http://wetten.overheid.nl/jci1.3:c:BWBR0004825&bijlage=1&z=2017-07-01&g=2017-07-01
E1;E01;Parkeerverbod;Parkeren en stilstaan;http://wetten.overheid.nl/afbeelding?toestandid=BWBR0004825/2017-07-01_0&naam=27635.png;http://wetten.overheid.nl/jci1.3:c:BWBR0004825&bijlage=1&z=2017-07-01&g=2017-07-01
E2;E02;Verbod stil te staan;Parkeren en stilstaan;http://wetten.overheid.nl/afbeelding?toestandid=BWBR0004825/2017-07-01_0&naam=27636.png;http://wetten.overheid.nl/jci1.3:c:BWBR0004825&bijlage=1&z=2017-07-01&g=2017-07-01
E3;E03;Verbod fietsen en bromfietsen te plaatsen;Parkeren en stilstaan;http://wetten.overheid.nl/afbeelding?toestandid=BWBR0004825/2017-07-01_0&naam=27637.png;http://wetten.overheid.nl/jci1.3:c:BWBR0004825&bijlage=1&z=2017-07-01&g=2017-07-01
E4;E04;Parkeergelegenheid;Parkeren en stilstaan;http://wetten.overheid.nl/afbeelding?toestandid=BWBR0004825/2017-07-01_0&naam=27638.png;http://wetten.overheid.nl/jci1.3:c:BWBR0004825&bijlage=1&z=2017-07-01&g=2017-07-01
E5;E05;Taxistandplaats;Parkeren en stilstaan;http://wetten.overheid.nl/afbeelding?toestandid=BWBR0004825/2017-07-01_0&naam=27639.png;http://wetten.overheid.nl/jci1.3:c:BWBR0004825&bijlage=1&z=2017-07-01&g=2017-07-01
E6;E06;Gehandicaptenparkeerplaats;Parkeren en stilstaan;http://wetten.overheid.nl/afbeelding?toestandid=BWBR0004825/2017-07-01_0&naam=27640.png;http://wetten.overheid.nl/jci1.3:c:BWBR0004825&bijlage=1&z=2017-07-01&g=2017-07-01
E7;E07;Gelegenheid bestemd voor het onmiddellijk laden en lossen van goederen;Parkeren en stilstaan;http://wetten.overheid.nl/afbeelding?toestandid=BWBR0004825/2017-07-01_0&naam=27641.png;http://wetten.overheid.nl/jci1.3:c:BWBR0004825&bijlage=1&z=2017-07-01&g=2017-07-01
E8;E08;Parkeergelegenheid alleen bestemd voor de voertuigcategorie of groep voertuigen die op het bord is aangegeven;Parkeren en stilstaan;http://wetten.overheid.nl/afbeelding?toestandid=BWBR0004825/2017-07-01_0&naam=27642.png;http://wetten.overheid.nl/jci1.3:c:BWBR0004825&bijlage=1&z=2017-07-01&g=2017-07-01
E9;E09;Parkeergelegenheid alleen bestemd voor vergunninghouders;Parkeren en stilstaan;http://wetten.overheid.nl/afbeelding?toestandid=BWBR0004825/2017-07-01_0&naam=27643.png;http://wetten.overheid.nl/jci1.3:c:BWBR0004825&bijlage=1&z=2017-07-01&g=2017-07-01
E10;E10;Parkeerschijf-zone met verplicht gebruik van parkeerschijf, tevens parkeerverbod indien er langer wordt geparkeerd dan de parkeerduur die op het bord is aangegeven;Parkeren en stilstaan;http://wetten.overheid.nl/afbeelding?toestandid=BWBR0004825/2017-07-01_0&naam=27644.png;http://wetten.overheid.nl/jci1.3:c:BWBR0004825&bijlage=1&z=2017-07-01&g=2017-07-01
E11;E11;Einde parkeerschijf-zone met verplicht gebruik van parkeerschijf;Parkeren en stilstaan;http://wetten.overheid.nl/afbeelding?toestandid=BWBR0004825/2017-07-01_0&naam=27645.png;http://wetten.overheid.nl/jci1.3:c:BWBR0004825&bijlage=1&z=2017-07-01&g=2017-07-01
E12;E12;Parkeergelegenheid ten behoeve van overstappers op het openbaar vervoer;Parkeren en stilstaan;http://wetten.overheid.nl/afbeelding?toestandid=BWBR0004825/2017-07-01_0&naam=27646.png;http://wetten.overheid.nl/jci1.3:c:BWBR0004825&bijlage=1&z=2017-07-01&g=2017-07-01
E13;E13;Parkeergelegenheid ten behoeve van carpoolers;Parkeren en stilstaan;http://wetten.overheid.nl/afbeelding?toestandid=BWBR0004825/2017-07-01_0&naam=27647.png;http://wetten.overheid.nl/jci1.3:c:BWBR0004825&bijlage=1&z=2017-07-01&g=2017-07-01
F1;F01;Verbod voor motorvoertuigen om elkaar onderling in te halen;Overige geboden en verboden;http://wetten.overheid.nl/afbeelding?toestandid=BWBR0004825/2017-07-01_0&naam=27654.png;http://wetten.overheid.nl/jci1.3:c:BWBR0004825&bijlage=1&z=2017-07-01&g=2017-07-01
F2;F02;Einde verbod voor motorvoertuigen om elkaar onderling in te halen;Overige geboden en verboden;http://wetten.overheid.nl/afbeelding?toestandid=BWBR0004825/2017-07-01_0&naam=27655.png;http://wetten.overheid.nl/jci1.3:c:BWBR0004825&bijlage=1&z=2017-07-01&g=2017-07-01
F3;F03;Verbod voor vrachtauto's om motorvoertuigen in te halen;Overige geboden en verboden;http://wetten.overheid.nl/afbeelding?toestandid=BWBR0004825/2017-07-01_0&naam=27656.png;http://wetten.overheid.nl/jci1.3:c:BWBR0004825&bijlage=1&z=2017-07-01&g=2017-07-01
F4;F04;Einde verbod voor vrachtauto's om motorvoertuigen in te halen;Overige geboden en verboden;http://wetten.overheid.nl/afbeelding?toestandid=BWBR0004825/2017-07-01_0&naam=27657.png;http://wetten.overheid.nl/jci1.3:c:BWBR0004825&bijlage=1&z=2017-07-01&g=2017-07-01
F5;F05;Verbod voor bestuurders door te gaan bij nadering van verkeer uit tegengestelde richting;Overige geboden en verboden;http://wetten.overheid.nl/afbeelding?toestandid=BWBR0004825/2017-07-01_0&naam=27658.png;http://wetten.overheid.nl/jci1.3:c:BWBR0004825&bijlage=1&z=2017-07-01&g=2017-07-01
F6;F06;Bestuurders uit tegengestelde richting moeten verkeer dat van deze richting nadert voor laten gaan;Overige geboden en verboden;http://wetten.overheid.nl/afbeelding?toestandid=BWBR0004825/2017-07-01_0&naam=27659.png;http://wetten.overheid.nl/jci1.3:c:BWBR0004825&bijlage=1&z=2017-07-01&g=2017-07-01
F7;F07;Keerverbod;Overige geboden en verboden;http://wetten.overheid.nl/afbeelding?toestandid=BWBR0004825/2017-07-01_0&naam=27660.png;http://wetten.overheid.nl/jci1.3:c:BWBR0004825&bijlage=1&z=2017-07-01&g=2017-07-01
F8;F08;Einde van alle door verkeersborden aangegeven verboden;Overige geboden en verboden;http://wetten.overheid.nl/afbeelding?toestandid=BWBR0004825/2017-07-01_0&naam=27661.png;http://wetten.overheid.nl/jci1.3:c:BWBR0004825&bijlage=1&z=2017-07-01&g=2017-07-01
F9;F09;Einde van alle op een elektronisch signaleringsbord aangegeven verboden;Overige geboden en verboden;http://wetten.overheid.nl/afbeelding?toestandid=BWBR0004825/2017-07-01_0&naam=27663.png;http://wetten.overheid.nl/jci1.3:c:BWBR0004825&bijlage=1&z=2017-07-01&g=2017-07-01
F10;F10;Stop. In het bord kan worden aangegeven door wie of waarom het bord wordt toegepast;Overige geboden en verboden;http://wetten.overheid.nl/afbeelding?toestandid=BWBR0004825/2017-07-01_0&naam=27664.png;http://wetten.overheid.nl/jci1.3:c:BWBR0004825&bijlage=1&z=2017-07-01&g=2017-07-01
F11;F11;Verplicht gebruik passeerstrook (rijstrook om ingehaald te kunnen worden), uitsluitend bestemd voor motorvoertuigen die niet sneller kunnen of mogen rijden dan 25 km/h;Overige geboden en verboden;http://wetten.overheid.nl/afbeelding?toestandid=BWBR0004825/2017-07-01_0&naam=258559.png;http://wetten.overheid.nl/jci1.3:c:BWBR0004825&bijlage=1&z=2017-07-01&g=2017-07-01
F12;F12;Einde verplicht gebruik passeerstrook voor motorvoertuigen die niet sneller kunnen of mogen rijden dan 25 km/h;Overige geboden en verboden;http://wetten.overheid.nl/afbeelding?toestandid=BWBR0004825/2017-07-01_0&naam=258560.png;http://wetten.overheid.nl/jci1.3:c:BWBR0004825&bijlage=1&z=2017-07-01&g=2017-07-01
F13;F13;Rijbaan of -strook uitsluitend ten behoeve van lijnbussen;Overige geboden en verboden;http://wetten.overheid.nl/afbeelding?toestandid=BWBR0004825/2017-07-01_0&naam=258561.png;http://wetten.overheid.nl/jci1.3:c:BWBR0004825&bijlage=1&z=2017-07-01&g=2017-07-01
F14;F14;Einde busbaan of -strook;Overige geboden en verboden;http://wetten.overheid.nl/afbeelding?toestandid=BWBR0004825/2017-07-01_0&naam=258562.png;http://wetten.overheid.nl/jci1.3:c:BWBR0004825&bijlage=1&z=2017-07-01&g=2017-07-01
F15;F15;Rijbaan of -strook uitsluitend ten behoeve van trams;Overige geboden en verboden;http://wetten.overheid.nl/afbeelding?toestandid=BWBR0004825/2017-07-01_0&naam=258563.png;http://wetten.overheid.nl/jci1.3:c:BWBR0004825&bijlage=1&z=2017-07-01&g=2017-07-01
F16;F16;Einde trambaan of -strook;Overige geboden en verboden;http://wetten.overheid.nl/afbeelding?toestandid=BWBR0004825/2017-07-01_0&naam=258564.png;http://wetten.overheid.nl/jci1.3:c:BWBR0004825&bijlage=1&z=2017-07-01&g=2017-07-01
F17;F17;Rijbaan of -strook uitsluitend ten behoeve van lijnbussen en trams;Overige geboden en verboden;http://wetten.overheid.nl/afbeelding?toestandid=BWBR0004825/2017-07-01_0&naam=258565.png;http://wetten.overheid.nl/jci1.3:c:BWBR0004825&bijlage=1&z=2017-07-01&g=2017-07-01
F18;F18;Einde bus- en trambaan of -strook;Overige geboden en verboden;http://wetten.overheid.nl/afbeelding?toestandid=BWBR0004825/2017-07-01_0&naam=258566.png;http://wetten.overheid.nl/jci1.3:c:BWBR0004825&bijlage=1&z=2017-07-01&g=2017-07-01
F19;F19;Rijbaan of -strook uitsluitend ten behoeve van vrachtauto’s en lijnbussen;Overige geboden en verboden;http://wetten.overheid.nl/afbeelding?toestandid=BWBR0004825/2017-07-01_0&naam=258567.png;http://wetten.overheid.nl/jci1.3:c:BWBR0004825&bijlage=1&z=2017-07-01&g=2017-07-01
F20;F20;Einde rijbaan of -strook voor vrachtauto’s en lijnbussen;Overige geboden en verboden;http://wetten.overheid.nl/afbeelding?toestandid=BWBR0004825/2017-07-01_0&naam=258568.png;http://wetten.overheid.nl/jci1.3:c:BWBR0004825&bijlage=1&z=2017-07-01&g=2017-07-01
F21;F21;Rijbaan of -strook uitsluitend ten behoeve van vrachtauto’s;Overige geboden en verboden;http://wetten.overheid.nl/afbeelding?toestandid=BWBR0004825/2017-07-01_0&naam=258569.png;http://wetten.overheid.nl/jci1.3:c:BWBR0004825&bijlage=1&z=2017-07-01&g=2017-07-01
F22;F22;Einde rijbaan of -strook voor vrachtauto’s;Overige geboden en verboden;http://wetten.overheid.nl/afbeelding?toestandid=BWBR0004825/2017-07-01_0&naam=258570.png;http://wetten.overheid.nl/jci1.3:c:BWBR0004825&bijlage=1&z=2017-07-01&g=2017-07-01
G1;G01;Autosnelweg;Verkeersregels;http://wetten.overheid.nl/afbeelding?toestandid=BWBR0004825/2017-07-01_0&naam=27666.png;http://wetten.overheid.nl/jci1.3:c:BWBR0004825&bijlage=1&z=2017-07-01&g=2017-07-01
G2;G02;Einde Autosnelweg;Verkeersregels;http://wetten.overheid.nl/afbeelding?toestandid=BWBR0004825/2017-07-01_0&naam=27667.png;http://wetten.overheid.nl/jci1.3:c:BWBR0004825&bijlage=1&z=2017-07-01&g=2017-07-01
G3;G03;Autoweg;Verkeersregels;http://wetten.overheid.nl/afbeelding?toestandid=BWBR0004825/2017-07-01_0&naam=27668.png;http://wetten.overheid.nl/jci1.3:c:BWBR0004825&bijlage=1&z=2017-07-01&g=2017-07-01
G4;G04;Einde autoweg;Verkeersregels;http://wetten.overheid.nl/afbeelding?toestandid=BWBR0004825/2017-07-01_0&naam=27670.png;http://wetten.overheid.nl/jci1.3:c:BWBR0004825&bijlage=1&z=2017-07-01&g=2017-07-01
G5;G05;Erf;Verkeersregels;http://wetten.overheid.nl/afbeelding?toestandid=BWBR0004825/2017-07-01_0&naam=27672.png;http://wetten.overheid.nl/jci1.3:c:BWBR0004825&bijlage=1&z=2017-07-01&g=2017-07-01
G6;G06;Einde erf;Verkeersregels;http://wetten.overheid.nl/afbeelding?toestandid=BWBR0004825/2017-07-01_0&naam=27673.png;http://wetten.overheid.nl/jci1.3:c:BWBR0004825&bijlage=1&z=2017-07-01&g=2017-07-01
G7;G07;Voetpad;Verkeersregels;http://wetten.overheid.nl/afbeelding?toestandid=BWBR0004825/2017-07-01_0&naam=27675.png;http://wetten.overheid.nl/jci1.3:c:BWBR0004825&bijlage=1&z=2017-07-01&g=2017-07-01
G8;G08;Einde voetpad;Verkeersregels;http://wetten.overheid.nl/afbeelding?toestandid=BWBR0004825/2017-07-01_0&naam=27677.png;http://wetten.overheid.nl/jci1.3:c:BWBR0004825&bijlage=1&z=2017-07-01&g=2017-07-01
G9;G09;Ruiterpad;Verkeersregels;http://wetten.overheid.nl/afbeelding?toestandid=BWBR0004825/2017-07-01_0&naam=27678.png;http://wetten.overheid.nl/jci1.3:c:BWBR0004825&bijlage=1&z=2017-07-01&g=2017-07-01
G10;G10;Einde ruiterpad;Verkeersregels;http://wetten.overheid.nl/afbeelding?toestandid=BWBR0004825/2017-07-01_0&naam=27679.png;http://wetten.overheid.nl/jci1.3:c:BWBR0004825&bijlage=1&z=2017-07-01&g=2017-07-01
G11;G11;Verplicht fietspad;Verkeersregels;http://wetten.overheid.nl/afbeelding?toestandid=BWBR0004825/2017-07-01_0&naam=27680.png;http://wetten.overheid.nl/jci1.3:c:BWBR0004825&bijlage=1&z=2017-07-01&g=2017-07-01
G12;G12;Einde verplicht fietspad;Verkeersregels;http://wetten.overheid.nl/afbeelding?toestandid=BWBR0004825/2017-07-01_0&naam=27681.png;http://wetten.overheid.nl/jci1.3:c:BWBR0004825&bijlage=1&z=2017-07-01&g=2017-07-01
G12a;G12a;Fiets/bromfietspad;Verkeersregels;http://wetten.overheid.nl/afbeelding?toestandid=BWBR0004825/2017-07-01_0&naam=29586.png;http://wetten.overheid.nl/jci1.3:c:BWBR0004825&bijlage=1&z=2017-07-01&g=2017-07-01
G12b;G12b;Einde fiets/bromfietspad;Verkeersregels;http://wetten.overheid.nl/afbeelding?toestandid=BWBR0004825/2017-07-01_0&naam=29587.png;http://wetten.overheid.nl/jci1.3:c:BWBR0004825&bijlage=1&z=2017-07-01&g=2017-07-01
G13;G13;Onverplicht fietspad;Verkeersregels;http://wetten.overheid.nl/afbeelding?toestandid=BWBR0004825/2017-07-01_0&naam=27682.png;http://wetten.overheid.nl/jci1.3:c:BWBR0004825&bijlage=1&z=2017-07-01&g=2017-07-01
G14;G14;Einde onverplicht fietspad;Verkeersregels;http://wetten.overheid.nl/afbeelding?toestandid=BWBR0004825/2017-07-01_0&naam=27684.png;http://wetten.overheid.nl/jci1.3:c:BWBR0004825&bijlage=1&z=2017-07-01&g=2017-07-01
H1;H01;Bebouwde kom;Bebouwde kom;http://wetten.overheid.nl/afbeelding?toestandid=BWBR0004825/2017-07-01_0&naam=27685.png;http://wetten.overheid.nl/jci1.3:c:BWBR0004825&bijlage=1&z=2017-07-01&g=2017-07-01
H2;H02;Einde bebouwde kom;Bebouwde kom;http://wetten.overheid.nl/afbeelding?toestandid=BWBR0004825/2017-07-01_0&naam=27686.png;http://wetten.overheid.nl/jci1.3:c:BWBR0004825&bijlage=1&z=2017-07-01&g=2017-07-01
J1;J01;Slecht wegdek;Waarschuwing;http://wetten.overheid.nl/afbeelding?toestandid=BWBR0004825/2017-07-01_0&naam=27688.png;http://wetten.overheid.nl/jci1.3:c:BWBR0004825&bijlage=1&z=2017-07-01&g=2017-07-01
J2;J02;Bocht naar rechts;Waarschuwing;http://wetten.overheid.nl/afbeelding?toestandid=BWBR0004825/2017-07-01_0&naam=27689.png;http://wetten.overheid.nl/jci1.3:c:BWBR0004825&bijlage=1&z=2017-07-01&g=2017-07-01
J3;J03;Bocht naar links;Waarschuwing;http://wetten.overheid.nl/afbeelding?toestandid=BWBR0004825/2017-07-01_0&naam=27690.png;http://wetten.overheid.nl/jci1.3:c:BWBR0004825&bijlage=1&z=2017-07-01&g=2017-07-01
J4;J04;S-bocht(en), eerst naar rechts;Waarschuwing;http://wetten.overheid.nl/afbeelding?toestandid=BWBR0004825/2017-07-01_0&naam=27691.png;http://wetten.overheid.nl/jci1.3:c:BWBR0004825&bijlage=1&z=2017-07-01&g=2017-07-01
J5;J05;S-bocht(en), eerst naar links;Waarschuwing;http://wetten.overheid.nl/afbeelding?toestandid=BWBR0004825/2017-07-01_0&naam=27692.png;http://wetten.overheid.nl/jci1.3:c:BWBR0004825&bijlage=1&z=2017-07-01&g=2017-07-01
J6;J06;Steile helling;Waarschuwing;http://wetten.overheid.nl/afbeelding?toestandid=BWBR0004825/2017-07-01_0&naam=27693.png;http://wetten.overheid.nl/jci1.3:c:BWBR0004825&bijlage=1&z=2017-07-01&g=2017-07-01
J7;J07;Gevaarlijke daling;Waarschuwing;http://wetten.overheid.nl/afbeelding?toestandid=BWBR0004825/2017-07-01_0&naam=27694.png;http://wetten.overheid.nl/jci1.3:c:BWBR0004825&bijlage=1&z=2017-07-01&g=2017-07-01
J8;J08;Gevaarlijk kruispunt;Waarschuwing;http://wetten.overheid.nl/afbeelding?toestandid=BWBR0004825/2017-07-01_0&naam=27695.png;http://wetten.overheid.nl/jci1.3:c:BWBR0004825&bijlage=1&z=2017-07-01&g=2017-07-01
J9;J09;Rotonde;Waarschuwing;http://wetten.overheid.nl/afbeelding?toestandid=BWBR0004825/2017-07-01_0&naam=27697.png;http://wetten.overheid.nl/jci1.3:c:BWBR0004825&bijlage=1&z=2017-07-01&g=2017-07-01
J10;J10;Overweg met slagbomen;Waarschuwing;http://wetten.overheid.nl/afbeelding?toestandid=BWBR0004825/2017-07-01_0&naam=27698.png;http://wetten.overheid.nl/jci1.3:c:BWBR0004825&bijlage=1&z=2017-07-01&g=2017-07-01
J11;J11;Overweg zonder slagbomen;Waarschuwing;http://wetten.overheid.nl/afbeelding?toestandid=BWBR0004825/2017-07-01_0&naam=27701.png;http://wetten.overheid.nl/jci1.3:c:BWBR0004825&bijlage=1&z=2017-07-01&g=2017-07-01
J12;J12;Overweg met enkel spoor;Waarschuwing;http://wetten.overheid.nl/afbeelding?toestandid=BWBR0004825/2017-07-01_0&naam=27702.png;http://wetten.overheid.nl/jci1.3:c:BWBR0004825&bijlage=1&z=2017-07-01&g=2017-07-01
J13;J13;Overweg met twee of meer sporen;Waarschuwing;http://wetten.overheid.nl/afbeelding?toestandid=BWBR0004825/2017-07-01_0&naam=27703.png;http://wetten.overheid.nl/jci1.3:c:BWBR0004825&bijlage=1&z=2017-07-01&g=2017-07-01
J14;J14;Tram(kruising);Waarschuwing;http://wetten.overheid.nl/afbeelding?toestandid=BWBR0004825/2017-07-01_0&naam=27704.png;http://wetten.overheid.nl/jci1.3:c:BWBR0004825&bijlage=1&z=2017-07-01&g=2017-07-01
J15;J15;Beweegbare brug;Waarschuwing;http://wetten.overheid.nl/afbeelding?toestandid=BWBR0004825/2017-07-01_0&naam=27705.png;http://wetten.overheid.nl/jci1.3:c:BWBR0004825&bijlage=1&z=2017-07-01&g=2017-07-01
J16;J16;Werk in uitvoering;Waarschuwing;http://wetten.overheid.nl/afbeelding?toestandid=BWBR0004825/2017-07-01_0&naam=27707.png;http://wetten.overheid.nl/jci1.3:c:BWBR0004825&bijlage=1&z=2017-07-01&g=2017-07-01
J17;J17;Rijbaanversmalling;Waarschuwing;http://wetten.overheid.nl/afbeelding?toestandid=BWBR0004825/2017-07-01_0&naam=27708.png;http://wetten.overheid.nl/jci1.3:c:BWBR0004825&bijlage=1&z=2017-07-01&g=2017-07-01
J18;J18;Rijbaanversmalling rechts;Waarschuwing;http://wetten.overheid.nl/afbeelding?toestandid=BWBR0004825/2017-07-01_0&naam=27709.png;http://wetten.overheid.nl/jci1.3:c:BWBR0004825&bijlage=1&z=2017-07-01&g=2017-07-01
J19;J19;Rijbaanversmalling links;Waarschuwing;http://wetten.overheid.nl/afbeelding?toestandid=BWBR0004825/2017-07-01_0&naam=27710.png;http://wetten.overheid.nl/jci1.3:c:BWBR0004825&bijlage=1&z=2017-07-01&g=2017-07-01
J20;J20;Slipgevaar;Waarschuwing;http://wetten.overheid.nl/afbeelding?toestandid=BWBR0004825/2017-07-01_0&naam=27712.png;http://wetten.overheid.nl/jci1.3:c:BWBR0004825&bijlage=1&z=2017-07-01&g=2017-07-01
J21;J21;Kinderen;Waarschuwing;http://wetten.overheid.nl/afbeelding?toestandid=BWBR0004825/2017-07-01_0&naam=27713.png;http://wetten.overheid.nl/jci1.3:c:BWBR0004825&bijlage=1&z=2017-07-01&g=2017-07-01
J22;J22;Voetgangersoversteekplaats;Waarschuwing;http://wetten.overheid.nl/afbeelding?toestandid=BWBR0004825/2017-07-01_0&naam=27715.png;http://wetten.overheid.nl/jci1.3:c:BWBR0004825&bijlage=1&z=2017-07-01&g=2017-07-01
J23;J23;Voetgangers;Waarschuwing;http://wetten.overheid.nl/afbeelding?toestandid=BWBR0004825/2017-07-01_0&naam=27716.png;http://wetten.overheid.nl/jci1.3:c:BWBR0004825&bijlage=1&z=2017-07-01&g=2017-07-01
J24;J24;Fietsers en bromfietsers;Waarschuwing;http://wetten.overheid.nl/afbeelding?toestandid=BWBR0004825/2017-07-01_0&naam=27718.png;http://wetten.overheid.nl/jci1.3:c:BWBR0004825&bijlage=1&z=2017-07-01&g=2017-07-01
J25;J25;Losliggende stenen;Waarschuwing;http://wetten.overheid.nl/afbeelding?toestandid=BWBR0004825/2017-07-01_0&naam=27719.png;http://wetten.overheid.nl/jci1.3:c:BWBR0004825&bijlage=1&z=2017-07-01&g=2017-07-01
J26;J26;Kade of rivieroever;Waarschuwing;http://wetten.overheid.nl/afbeelding?toestandid=BWBR0004825/2017-07-01_0&naam=27720.png;http://wetten.overheid.nl/jci1.3:c:BWBR0004825&bijlage=1&z=2017-07-01&g=2017-07-01
J27;J27;Groot wild;Waarschuwing;http://wetten.overheid.nl/afbeelding?toestandid=BWBR0004825/2017-07-01_0&naam=27721.png;http://wetten.overheid.nl/jci1.3:c:BWBR0004825&bijlage=1&z=2017-07-01&g=2017-07-01
J28;J28;Vee;Waarschuwing;http://wetten.overheid.nl/afbeelding?toestandid=BWBR0004825/2017-07-01_0&naam=27722.png;http://wetten.overheid.nl/jci1.3:c:BWBR0004825&bijlage=1&z=2017-07-01&g=2017-07-01
J29;J29;Tegenliggers;Waarschuwing;http://wetten.overheid.nl/afbeelding?toestandid=BWBR0004825/2017-07-01_0&naam=27723.png;http://wetten.overheid.nl/jci1.3:c:BWBR0004825&bijlage=1&z=2017-07-01&g=2017-07-01
J30;J30;Laagvliegende vliegtuigen;Waarschuwing;http://wetten.overheid.nl/afbeelding?toestandid=BWBR0004825/2017-07-01_0&naam=27725.png;http://wetten.overheid.nl/jci1.3:c:BWBR0004825&bijlage=1&z=2017-07-01&g=2017-07-01
J31;J31;Zijwind;Waarschuwing;http://wetten.overheid.nl/afbeelding?toestandid=BWBR0004825/2017-07-01_0&naam=27726.png;http://wetten.overheid.nl/jci1.3:c:BWBR0004825&bijlage=1&z=2017-07-01&g=2017-07-01
J32;J32;Verkeerslichten;Waarschuwing;http://wetten.overheid.nl/afbeelding?toestandid=BWBR0004825/2017-07-01_0&naam=27727.png;http://wetten.overheid.nl/jci1.3:c:BWBR0004825&bijlage=1&z=2017-07-01&g=2017-07-01
J33;J33;File;Waarschuwing;http://wetten.overheid.nl/afbeelding?toestandid=BWBR0004825/2017-07-01_0&naam=27728.png;http://wetten.overheid.nl/jci1.3:c:BWBR0004825&bijlage=1&z=2017-07-01&g=2017-07-01
J34;J34;Ongeval;Waarschuwing;http://wetten.overheid.nl/afbeelding?toestandid=BWBR0004825/2017-07-01_0&naam=53258.png;http://wetten.overheid.nl/jci1.3:c:BWBR0004825&bijlage=1&z=2017-07-01&g=2017-07-01
J35;J35;Slecht zicht door sneeuw, regen of mist;Waarschuwing;http://wetten.overheid.nl/afbeelding?toestandid=BWBR0004825/2017-07-01_0&naam=27729.png;http://wetten.overheid.nl/jci1.3:c:BWBR0004825&bijlage=1&z=2017-07-01&g=2017-07-01
J36;J36;IJzel of sneeuw;Waarschuwing;http://wetten.overheid.nl/afbeelding?toestandid=BWBR0004825/2017-07-01_0&naam=27730.png;http://wetten.overheid.nl/jci1.3:c:BWBR0004825&bijlage=1&z=2017-07-01&g=2017-07-01
J37;J37;Gevaar (de aard van het gevaar is aangegeven op het onderbord;Waarschuwing;http://wetten.overheid.nl/afbeelding?toestandid=BWBR0004825/2017-07-01_0&naam=27731.png;http://wetten.overheid.nl/jci1.3:c:BWBR0004825&bijlage=1&z=2017-07-01&g=2017-07-01
J38;J38;Verkeersdrempel;Waarschuwing;http://wetten.overheid.nl/afbeelding?toestandid=BWBR0004825/2017-07-01_0&naam=69760.png;http://wetten.overheid.nl/jci1.3:c:BWBR0004825&bijlage=1&z=2017-07-01&g=2017-07-01
J39;J39;Waarschuwing voor elektrische in- en uitschuifbare paal in de rijbaan (poller) waarmee toegankelijkheid van straten en gebieden kan worden geregeld.;Waarschuwing;http://wetten.overheid.nl/afbeelding?toestandid=BWBR0004825/2017-07-01_0&naam=250761.png;http://wetten.overheid.nl/jci1.3:c:BWBR0004825&bijlage=1&z=2017-07-01&g=2017-07-01
K1;K01;Lage beslissingwegwijzer langs autosnelweg voor de doorgaande richting, met interlokale doelen en routenummer autosnelweg;Bewegwijzering;http://wetten.overheid.nl/afbeelding?toestandid=BWBR0004825/2017-07-01_0&naam=27732.png;http://wetten.overheid.nl/jci1.3:c:BWBR0004825&bijlage=1&z=2017-07-01&g=2017-07-01
K2;K02;Voorwegwijzer langs autosnelweg voor de afgaande richting, met afstandaanduiding, afritnummer, interlokale doelen (bovenste doel = afritnaam), verwijzing naar vliegveld/luchthaven en routenummer niet-autosnelweg;Bewegwijzering;http://wetten.overheid.nl/afbeelding?toestandid=BWBR0004825/2017-07-01_0&naam=27733.png;http://wetten.overheid.nl/jci1.3:c:BWBR0004825&bijlage=1&z=2017-07-01&g=2017-07-01
K3;K03;Beslissingswegwijzer langs autosnelweg voor de afgaande richting naar een verzorginsgsplaats, met de naam van de parkeerplaats en symbolen die de aard van de voorzieningen aangeven;Bewegwijzering;http://wetten.overheid.nl/afbeelding?toestandid=BWBR0004825/2017-07-01_0&naam=246893.png;http://wetten.overheid.nl/jci1.3:c:BWBR0004825&bijlage=1&z=2017-07-01&g=2017-07-01
K4;K04;Hoge beslissingswegwijzer langs autosnelweg met rijstrookpaneel voor de doorgaande richting en aftakkingspaneel voor de afgaande richting, met interlokale doelen, routenummers autosnelwegen en Europese hoofdroutes;Bewegwijzering;http://wetten.overheid.nl/afbeelding?toestandid=BWBR0004825/2017-07-01_0&naam=27734.png;http://wetten.overheid.nl/jci1.3:c:BWBR0004825&bijlage=1&z=2017-07-01&g=2017-07-01
K5;K05;Voorwegwijzer langs niet-autosnelweg, met interlokale doelen, routenummers, viaductsymbool en aanduiding industrieterrein;Bewegwijzering;http://wetten.overheid.nl/afbeelding?toestandid=BWBR0004825/2017-07-01_0&naam=27735.png;http://wetten.overheid.nl/jci1.3:c:BWBR0004825&bijlage=1&z=2017-07-01&g=2017-07-01
K6;K06;Beslissingswegwijzer langs niet-autosnelweg met interlokale doelen en routenummer niet-autosnelweg;Bewegwijzering;http://wetten.overheid.nl/afbeelding?toestandid=BWBR0004825/2017-07-01_0&naam=246894.png;http://wetten.overheid.nl/jci1.3:c:BWBR0004825&bijlage=1&z=2017-07-01&g=2017-07-01
K7;K07;Wegwijzer voor fietsers en bromfietsers (handwijzer), met lokaal doel, interlokaal doel, stedelijk fietsroutenummer (boven), en met interlokale doelen en interlokaal fietsroutenummer (onder);Bewegwijzering;http://wetten.overheid.nl/afbeelding?toestandid=BWBR0004825/2017-07-01_0&naam=27736.png;http://wetten.overheid.nl/jci1.3:c:BWBR0004825&bijlage=1&z=2017-07-01&g=2017-07-01
K8;K08;Wegwijzer voor fietsers en bromfietsers (stapelbord), met interlokale doelen en een via een alternatieve route te bereiken doel (cursief);Bewegwijzering;http://wetten.overheid.nl/afbeelding?toestandid=BWBR0004825/2017-07-01_0&naam=27737.png;http://wetten.overheid.nl/jci1.3:c:BWBR0004825&bijlage=1&z=2017-07-01&g=2017-07-01
K9;K09;Omleiding. Maatregel op voorwegwijzer langs niet-autosnelweg;Bewegwijzering;http://wetten.overheid.nl/afbeelding?toestandid=BWBR0004825/2017-07-01_0&naam=27738.png;http://wetten.overheid.nl/jci1.3:c:BWBR0004825&bijlage=1&z=2017-07-01&g=2017-07-01
K10;K10;Voorwegwijzer binnen de bebouwde kom met interlokaal doel, lokaal doel, een dagrecreatiecentrum, objecten en stadsroutenummers;Bewegwijzering;http://wetten.overheid.nl/afbeelding?toestandid=BWBR0004825/2017-07-01_0&naam=27739.png;http://wetten.overheid.nl/jci1.3:c:BWBR0004825&bijlage=1&z=2017-07-01&g=2017-07-01
K11;K11;Voorsorteren op niet-autosnelweg. Bord met interlokale doelen, routenummers en verwijzing naar autosnelweg;Bewegwijzering;http://wetten.overheid.nl/afbeelding?toestandid=BWBR0004825/2017-07-01_0&naam=27740.png;http://wetten.overheid.nl/jci1.3:c:BWBR0004825&bijlage=1&z=2017-07-01&g=2017-07-01
K12;K12;Wijkwegwijzer binnen de bebouwde kom, met wijknamen (in verkeersgebieden);Bewegwijzering;http://wetten.overheid.nl/afbeelding?toestandid=BWBR0004825/2017-07-01_0&naam=27741.png;http://wetten.overheid.nl/jci1.3:c:BWBR0004825&bijlage=1&z=2017-07-01&g=2017-07-01
K13;K13;Wijkwegwijzer binnen de bebouwde kom, met wijknummers (in verkeersgebieden);Bewegwijzering;http://wetten.overheid.nl/afbeelding?toestandid=BWBR0004825/2017-07-01_0&naam=27742.png;http://wetten.overheid.nl/jci1.3:c:BWBR0004825&bijlage=1&z=2017-07-01&g=2017-07-01
K14;K14;Route voor het vervoer van bepaalde gevaarlijke stoffen;Bewegwijzering;http://wetten.overheid.nl/afbeelding?toestandid=BWBR0004825/2017-07-01_0&naam=27743.png;http://wetten.overheid.nl/jci1.3:c:BWBR0004825&bijlage=1&z=2017-07-01&g=2017-07-01
L1;L01;Hoogte onderdoorgang;Informatie;http://wetten.overheid.nl/afbeelding?toestandid=BWBR0004825/2017-07-01_0&naam=27746.png;http://wetten.overheid.nl/jci1.3:c:BWBR0004825&bijlage=1&z=2017-07-01&g=2017-07-01
L2;L02;Voetgangersoversteekplaats;Informatie;http://wetten.overheid.nl/afbeelding?toestandid=BWBR0004825/2017-07-01_0&naam=27747.png;http://wetten.overheid.nl/jci1.3:c:BWBR0004825&bijlage=1&z=2017-07-01&g=2017-07-01
L3;L03;Bushalte / tramhalte;Informatie;http://wetten.overheid.nl/afbeelding?toestandid=BWBR0004825/2017-07-01_0&naam=250762.png;http://wetten.overheid.nl/jci1.3:c:BWBR0004825&bijlage=1&z=2017-07-01&g=2017-07-01
L4;L04;Voorsorteren;Informatie;http://wetten.overheid.nl/afbeelding?toestandid=BWBR0004825/2017-07-01_0&naam=250763.png;http://wetten.overheid.nl/jci1.3:c:BWBR0004825&bijlage=1&z=2017-07-01&g=2017-07-01
L5;L05;Einde rijstrook;Informatie;http://wetten.overheid.nl/afbeelding?toestandid=BWBR0004825/2017-07-01_0&naam=250764.png;http://wetten.overheid.nl/jci1.3:c:BWBR0004825&bijlage=1&z=2017-07-01&g=2017-07-01
L6;L06;Splitsing;Informatie;http://wetten.overheid.nl/afbeelding?toestandid=BWBR0004825/2017-07-01_0&naam=27749.png;http://wetten.overheid.nl/jci1.3:c:BWBR0004825&bijlage=1&z=2017-07-01&g=2017-07-01
L7;L07;Aantal doorgaande rijstroken;Informatie;http://wetten.overheid.nl/afbeelding?toestandid=BWBR0004825/2017-07-01_0&naam=27750.png;http://wetten.overheid.nl/jci1.3:c:BWBR0004825&bijlage=1&z=2017-07-01&g=2017-07-01
L8;L08;Doodlopende weg;Informatie;http://wetten.overheid.nl/afbeelding?toestandid=BWBR0004825/2017-07-01_0&naam=27751.png;http://wetten.overheid.nl/jci1.3:c:BWBR0004825&bijlage=1&z=2017-07-01&g=2017-07-01
L9;L09;Vooraanduiding doodlopende weg;Informatie;http://wetten.overheid.nl/afbeelding?toestandid=BWBR0004825/2017-07-01_0&naam=27752.png;http://wetten.overheid.nl/jci1.3:c:BWBR0004825&bijlage=1&z=2017-07-01&g=2017-07-01
L10;L10;Vooraanduiding verkeersmaatregel voor de aangegeven richting;Informatie;http://wetten.overheid.nl/afbeelding?toestandid=BWBR0004825/2017-07-01_0&naam=27753.png;http://wetten.overheid.nl/jci1.3:c:BWBR0004825&bijlage=1&z=2017-07-01&g=2017-07-01
L11;L11;Verkeersbord geldt alleen voor de aangegeven rijstrook/rijstroken;Informatie;http://wetten.overheid.nl/afbeelding?toestandid=BWBR0004825/2017-07-01_0&naam=27754.png;http://wetten.overheid.nl/jci1.3:c:BWBR0004825&bijlage=1&z=2017-07-01&g=2017-07-01
L12;L12;Verkeersbord geldt alleen voor de aangegeven rijstrook;Informatie;http://wetten.overheid.nl/afbeelding?toestandid=BWBR0004825/2017-07-01_0&naam=27755.png;http://wetten.overheid.nl/jci1.3:c:BWBR0004825&bijlage=1&z=2017-07-01&g=2017-07-01
L13;L13;verkeerstunnel;Informatie;http://wetten.overheid.nl/afbeelding?toestandid=BWBR0004825/2017-07-01_0&naam=27756.png;http://wetten.overheid.nl/jci1.3:c:BWBR0004825&bijlage=1&z=2017-07-01&g=2017-07-01
L14;L14;Vluchthaven;Informatie;http://wetten.overheid.nl/afbeelding?toestandid=BWBR0004825/2017-07-01_0&naam=27757.png;http://wetten.overheid.nl/jci1.3:c:BWBR0004825&bijlage=1&z=2017-07-01&g=2017-07-01
L15;L15;Vluchthaven voorzien van een noodtelefoon en brandblusapparaat;Informatie;http://wetten.overheid.nl/afbeelding?toestandid=BWBR0004825/2017-07-01_0&naam=239092.png;http://wetten.overheid.nl/jci1.3:c:BWBR0004825&bijlage=1&z=2017-07-01&g=2017-07-01
L16;L16;Noodtelefoon;Informatie;http://wetten.overheid.nl/afbeelding?toestandid=BWBR0004825/2017-07-01_0&naam=239093.png;http://wetten.overheid.nl/jci1.3:c:BWBR0004825&bijlage=1&z=2017-07-01&g=2017-07-01
L17;L17;Brandblusapparaat;Informatie;http://wetten.overheid.nl/afbeelding?toestandid=BWBR0004825/2017-07-01_0&naam=239094.png;http://wetten.overheid.nl/jci1.3:c:BWBR0004825&bijlage=1&z=2017-07-01&g=2017-07-01
L18;L18;Noodtelefoon en brandblusapparaat;Informatie;http://wetten.overheid.nl/afbeelding?toestandid=BWBR0004825/2017-07-01_0&naam=239095.png;http://wetten.overheid.nl/jci1.3:c:BWBR0004825&bijlage=1&z=2017-07-01&g=2017-07-01
L19;L19;Dichtstbijzijnde uitgang of twee dichtstbijzijnde uitgangen in de op het bord aangegeven richting en afstand;Informatie;http://wetten.overheid.nl/afbeelding?toestandid=BWBR0004825/2017-07-01_0&naam=239096.png;http://wetten.overheid.nl/jci1.3:c:BWBR0004825&bijlage=1&z=2017-07-01&g=2017-07-01
L20;L20;Uitwijkplaats rechts van de weg;Informatie;http://wetten.overheid.nl/afbeelding?toestandid=BWBR0004825/2017-07-01_0&naam=239097.png;http://wetten.overheid.nl/jci1.3:c:BWBR0004825&bijlage=1&z=2017-07-01&g=2017-07-01
L21;L21;Uitwijkplaats links van de weg;Informatie;http://wetten.overheid.nl/afbeelding?toestandid=BWBR0004825/2017-07-01_0&naam=239098.png;http://wetten.overheid.nl/jci1.3:c:BWBR0004825&bijlage=1&z=2017-07-01&g=2017-07-01
